ebn0_db,ber_sim,ber_theory,n_errors,n_bits
0.0,2.551350e-01,2.566359e-01,51027,200000
1.0,2.210650e-01,2.190240e-01,44213,200000
2.0,1.795600e-01,1.802457e-01,35912,200000
3.0,1.412550e-01,1.418177e-01,28251,200000
4.0,1.065500e-01,1.055391e-01,21310,200000
5.0,7.371500e-02,7.328497e-02,14743,200000
6.0,4.659000e-02,4.667581e-02,9318,200000
7.0,2.771000e-02,2.668438e-02,5542,200000
8.0,1.352000e-02,1.332517e-02,2704,200000
9.0,5.575000e-03,5.615844e-03,1115,200000
10.0,1.795000e-03,1.912810e-03,359,200000
11.0,4.666667e-04,4.985811e-04,280,600000
12.0,1.005000e-04,9.284027e-05,201,2000000
