pair,target_ber,ebn0_coherent_db,ebn0_noncoherent_db,penalty_db
BASK,1e-01,2.15,4.16,2.01
BASK,1e-02,7.33,8.36,1.02
BASK,1e-03,9.80,10.51,0.71
BASK,1e-04,11.41,11.96,0.55
BASK,1e-05,12.60,13.05,0.45
BASK,1e-06,13.54,13.93,0.39
BFSK,1e-01,2.15,5.08,2.92
BFSK,1e-02,7.33,8.93,1.60
BFSK,1e-03,9.80,10.94,1.14
BFSK,1e-04,11.41,12.31,0.90
BFSK,1e-05,12.60,13.35,0.75
BFSK,1e-06,13.54,14.19,0.65
BPSK vs DPSK,1e-01,-0.86,2.07,2.92
BPSK vs DPSK,1e-02,4.32,5.92,1.60
BPSK vs DPSK,1e-03,6.79,7.93,1.14
BPSK vs DPSK,1e-04,8.40,9.30,0.90
BPSK vs DPSK,1e-05,9.59,10.34,0.75
BPSK vs DPSK,1e-06,10.53,11.18,0.65
